ap_type,sq_meters,address,price,flore,price_m2,description
" Едностаен апартамент, ",52 м,"Пловдив, Христо Смирненски","
                                                    36 615 ",5,704 ,оф.11214 БЕЗ КОМИСИОННА ! ДИРЕКТНИ ЦЕНИ ОТ ИНВЕСТИТОР !ТОП ЦЕНА ! ТОП ЛОКАЦИЯ ! УТВЪРДЕН СТРОИТЕЛ ! МАЛКА МОДЕРНА СГРАДА ! Предлагаме ВИ да закупите едностаен мансарден апартамент в модерна малка...
" Едностаен апартамент, ",52 м,"Пловдив, Христо Смирненски","
                                                    36 920 ",5,710 ,"Оферта 1-4222-2, Без комисионно възнаграждение от купувача. Цени на инвеститор. Избор на етаж, изложение и големина на 2-стайни и 3-стайни апартаменти. Предлагаме Ви чудесен мансарден апартамент с..."
" Двустаен апартамент, ",59 м,"Пловдив, Кючук Париж",,7,687 ,Оф. 457А
" Двустаен апартамент, ",75 м,"Пловдив, Южен",,6,560 ,"За повече информация свържете се с нас и цитирайте референтния номер на имота. Моля, кажете, че сте видeли обявата в imoti.net."
" Двустаен апартамент, ",60 м,"Пловдив, Христо Смирненски","
                                                    42 174 ",2,703 ,"оф.11212 БЕЗ КОМИСИОННА ! ДИРЕКТНИ ЦЕНИ ОТ ИНВЕСТИТОР !ТОП ЦЕНА ! ТОП ЛОКАЦИЯ ! УТВЪРДЕН СТРОИТЕЛ ! МАЛКА МОДЕРНА СГРАДА !  Предлагаме ВИ да закупите двустаен апартамент в модерна малка сграда ,..."
" Двустаен апартамент, ",65 м,"Пловдив, Христо Смирненски","
                                                    45 899 ",2,706 ,"оф.11479 ТОП ЦЕНА ! ТОП ЛОКАЦИЯ ! УТВЪРДЕН СТРОИТЕЛ ! МАЛКА МОДЕРНА СГРАДА ! Предлагаме ВИ да закупите двустаен апартамент в модерна малка сграда , разположена в най- зеления и бързо развиващ се..."
" Двустаен апартамент, ",65 м,"Пловдив, Христо Смирненски","
                                                    46 150 ",3,710 ,"Оферта 1-4222, Без комисионно възнаграждение от купувача. Цени на инвеститор. Избор на етаж, изложение и големина на 2-стайни и 3-стайни апартаменти. Предлагаме Ви чудесен апартамент в новострояща..."
" Двустаен апартамент, ",40 м,"Пловдив, Кършияка","
                                                    47 999 ",1,1 200 ,"оф.11312 ТОП ОФЕРТА! ИЗТОЧНО ИЗЛОЖЕНИЕ! СЛЕД РЕМОНТ! Имотът, който Ви предлагаме да закупите се състои от голям хол, отделна кухня с трапезария, бяна с тоалетна, входно антре и тераса. Апартаментът..."
" Двустаен апартамент, ",75 м,"Пловдив, Гагарин","
                                                    48 770 ",3,650 ,БЕЗ КОМИСИОННА ОТ КУПУВАЧА!!! ДОКАЗАН СТРОИТЕЛ!
" Двустаен апартамент, ",66 м,"Пловдив, Кършияка","
                                                    53 900 ",5,817 ,"Оферта 1-3660, Цени на инвеститора. Без комисионно възнаграждение от купувача. Предлагаме Ви апартаменти в новострояща се луксозна кооперация. Комуникативна и удобна локация с бърз достъп до..."
" Тристаен апартамент, ",70 м,"Пловдив, Тракия","
                                                    54 600 ",8,780 ,"ПРОДАВАМЕ ТРИСТАЕН АПАРТАМЕНТ В ТРАКИЯ-ДО ХОТЕЛ СПС.Жилището е с две спални,сменена дограма,остъклена тераса.За ремонт и освежаване на стаите.Продава се-без тежести и задължения-наследствен..."
" Двустаен апартамент, ",66 м,"Пловдив, Кючук Париж","
                                                    54 999 ",4,833 ,"оф.11303 АКТ 16 от 2021г. Предлагаме ВИ да закупите отличен двустаен апартамент , разположен в тих и спокоен за живеене район . Състои се от хол с кухненски бокс , спалня , коридор , баня с..."
" Двустаен апартамент, ",43 м,"Пловдив, Кършияка","
                                                    55 000 ",1 279 ,,"Агенция ""Явлена"" Ви представя двустаен апартамент в кв. Кършияка, ЕПК сграда, на трети етаж, но първи жилищен, изцяло западно изложение. Състои от хол с кухненски кът с излаз на тераса, спалня с..."
" Двустаен апартамент, ",79 м,"Пловдив, Въстанически","
                                                    56 743 ",3,718 ,"Оферта 1-3750, Цена от инвеститора. Без комисионно възнаграждение от купувача. Избор на етаж. Предлагаме Ви светъл компактен апартамент в новострояща се  кооперация. Жилище с комуникативна и удобна..."
" Двустаен апартамент, ",67 м,"Пловдив, Въстанически","
                                                    58 000 ",5,866 ,"Оферта 1-3500, Без комисионно възнаграждение от купувача. Цени на инвеститор. Избор на етаж, изложение и големина на 2-стайни и 3-стайни апартаменти. Предлагаме Ви чудесен апартамент в новострояща..."
" Двустаен апартамент, ",69 м,"Пловдив, Христо Смирненски","
                                                    58 200 ",8,843 ,"Оферта 1-1001, Пред акт 16. Цени на инвеститор. Без комисионно възнаграждение от купувача. Ограничен избор на етаж. Предлагаме Ви апартаменти в нова луксозна кооперация. Чудесна, комуникативна и..."
" Двустаен апартамент, ",91 м,"Пловдив, Тракия","
                                                    58 240 ",2,640 ,"оф.11555 АКТ16!! АВАНГАРД ИМОТИ ВИ ПРЕДСТАВЯ ДВУСТАЕН АПАРТАМЕНТ В НОВ КОМПЛЕКС С АКТ16 !! Жилището, което Ви предлагаме да закупите се състои от просторен хол с кухненски бокс, голяма спалня ,..."
" Тристаен апартамент, ",103 м,"Пловдив, Въстанически",,4,570 ,Оф. 356Ж
" Тристаен апартамент, ",104 м,"Пловдив, Кючук Париж",,8,608 ,Без комисионна от купувача!
" Тристаен апартамент, ",66 м,"Пловдив, Кършияка","
                                                    64 999 ",1,985 ,"оф.10585  ПРОМОЦИОНАЛНА ЦЕНА ! ИЗГОДНО НА ТОП ЛОКАЦИЯ ! АВАНГАРД ИМОТИ ВИ ПРЕДСТАВЯ  АПАРТАМЕНТ С РЕАЛНА КВАДРАТУРА И ТРИ ОТДЕЛНИ СТАИ !! Жилището, което Ви предлагаме да закупите се състои от..."
" Тристаен апартамент, ",95 м,"Пловдив, Христо Смирненски","
                                                    66 999 ",2,705 ,"оф.11481 ТОП ЦЕНА ! ТОП ЛОКАЦИЯ ! УТВЪРДЕН СТРОИТЕЛ ! МАЛКА МОДЕРНА СГРАДА ! 710€кв/м.Предлагаме ВИ да закупите тристаен апартамент в модерна малка сграда , разположена в най- зеления и бързо..."
" Тристаен апартамент, ",97 м,"Пловдив, Христо Смирненски","
                                                    68 550 ",3,707 ,"оф.11213 БЕЗ КОМИСИОННА ! ДИРЕКТНИ ЦЕНИ ОТ ИНВЕСТИТОР !ТОП ЦЕНА ! ТОП ЛОКАЦИЯ ! УТВЪРДЕН СТРОИТЕЛ ! МАЛКА МОДЕРНА СГРАДА !  Предлагаме ВИ да закупите тристаен апартамент в модерна малка сграда ,..."
" Тристаен апартамент, ",101 м,"Пловдив, Христо Смирненски","
                                                    71 710 ",4,710 ,"Оферта 1-4222, Без комисионно възнаграждение от купувача. Цени на инвеститор. Избор на етаж, изложение и големина на 2-стайни и 3-стайни апартаменти. Предлагаме Ви чудесен апартамент в новострояща..."
" Тристаен апартамент, ",103 м,"Пловдив, Коматевско Шосе","
                                                    71 869 ",3,698 ,Оферта 1-3988. Без комисионно възнаграждение от купувача. Предлагаме Ви апартаменти в новострояща се луксозна сграда. Избор на етаж и изложение. Плащане е рамките на строителния процес. Отлична...
" Тристаен апартамент, ",96 м,"Пловдив, Коматевско Шосе","
                                                    72 000 ",1,750 ,"Оферта 1-2700,  Без комисионно възнаграждение от купувача. Акт 16. Предлагаме Ви последния апартамент в малка кооперация. Изложение-Юг/запад. Жилище с комуникативна и удобна локация и бърз достъп..."
" Тристаен апартамент, ",107 м,"Пловдив, Христо Смирненски","
                                                    75 770 ",2,708 ,"Оферта 1-3303, Без комисионно възнаграждение от купувача. Цени на инвеститор. Избор на етаж и изложение. Предлагаме Ви просторни жилища новострояща се малка сграда, част от луксозен комплекс...."
" Двустаен апартамент, ",70 м,"Пловдив, Кършияка","
                                                    77 011 ",3,1 100 ,"Оферта 1-3767, Цени на инвеститора. Без комисионно възнаграждение от купувача. Предлагаме Ви апартаменти в новострояща се малка луксозна кооперация. Комуникативна и удобна локация с бърз достъп до..."
" Едностаен апартамент, ",62 м,"Пловдив, Център","
                                                    79 000 ",2,1 274 ,"НОВА ВИЗИЯ Явлена предлага ексклузивно 1-стаен имот в тухлена сграда от 2005 г. на ул. Войнишка слава 15. Разпределението на площта от 62,14 кв.м. е в отворено пространство обособено като хол със..."
" Тристаен апартамент, ",117 м,"Пловдив, Коматевско Шосе","
                                                    83 500 ",3,714 ,Оферта 1-4114. Без комисионно възнаграждение от купувача. Акт 15. Предлагаме Ви просторен апартамент в новострояща се  сграда. Избор на етаж. Изложение:юг/север/изток. Отлична локация с бърз достъп...
" Тристаен апартамент, ",107 м,"Пловдив, Кършияка","
                                                    83 900 ",2,784 ,"Оферта 1-3660, Цени на инвеститора. Без комисионно възнаграждение от купувача. Предлагаме Ви апартаменти в новострояща се луксозна кооперация. Комуникативна и удобна локация с бърз достъп до..."
