type_m2,location,description,flore,construction,akt16,extras,price,url
"Едностаен апартамент, 52 м","Пловдив, Христо Смирненски","оф.11214 БЕЗ КОМИСИОННА ! ДИРЕКТНИ ЦЕНИ ОТ ИНВЕСТИТОР !ТОП ЦЕНА ! ТОП ЛОКАЦИЯ ! УТВЪРДЕН СТРОИТЕЛ ! МАЛКА МОДЕРНА СГРАДА ! Предлагаме ВИ да закупите едностаен мансарден апартамент в модерна малка сграда , разположена в най- зеления и бързо развиващ се район на град Пловдив - Христо Смирненски . Апартамента се състои от голям хол с кухненски бокс , баня с тоалетна , склад и прекрасна панорамна тераса . Сградата се строи от утвърден на пазара стоител с множество завършени на 100% обекти и доказана репутация . В строителството ще се използват материали от най- висок клас , а обекта ще бъде изпълнен по всички европейски наредби за качество . Предлагаме избор на двустайни , тристайни и мансардни апартаменти . Възможност за РАЗСРОЧЕНО ПЛАЩАНЕ , БАНКОВО КРЕДИТИРАНЕ и закупуване на ПАРКОМЯСТО ИЛИ ГАРАЖ !ОКАЗВАМЕ ПЪЛНО СЪДЕЙСТВИЕ ЗА БАНКОВО КРЕДИТИРАНЕ И ФИНАНСИРАНЕ ОТ ВСИЧКИ  БАНКИ И НАЙ-ВИСОКА ПАЗАРНА ОЦЕНКА . АГЕНЦИЯТА ОКАЗВА  СЪДЕЙСТВИЕ ДО САМОТО ФИНАЛИЗИРАНЕ НА СДЕЛКАТА , КАКТО И НОТАРИУС ! За контакт:  тел. 0883 35 55 03; email: avangardimоti@abv.bg ; www.avangardimoti.com ",5 от 5,Тухла,Да,"Необзаведен,Асансьор,Ново строителство",36 615,https://www.imoti.net/bg/obiava/prodava/plovdiv/smirnenski/ednostaen/5474242/?sid=hRTfWw&page=1
"Тристаен апартамент, 113 м","Пловдив, Тракия","Оферта 1-2045, Акт 14. Цени на инвеститор. Без комисионно възнаграждение от купувача. Ограничен избор на етаж и изложение. Предлагаме Ви светъл и просторен апартамент в новострояща се сграда. Намира се в обособена модерна зона за живеене на комуникативно място с бърз достъп до главна улица. На близко разстояние от търговската зона на квартала и зеленчуков пазар, училище и детска градина. Разпределение на помещенията: дневна с трапезария и кухненски бокс, две спални, две бани с тоалетна, две тераси и антре. Към апартамента принадлежи избено помещение. Има светли скосове в едната спалня и дневната. Степен на завършване: стени и таван - шпакловка, под - циментова замазка, ВиК до тапа, ел. инсталация до фасунга и ключ, PVC дограма, завършени тераси с гранитогрес и алуминиев парапет, инсталации за видео-домофон, интернет, телевизия и телефон. Луксозно завършени общи части - вътрешни и външни парапети, блиндирана входна, контролиран достъп и електрически безшумен асансьор. Възможност за закупуване на парко-места или гаражи. Препоръчваме това жилище при избора Ви на нов дом. Гарантираме, че ще получите необходимото внимание и компетентно съдействие. За нас не е достатъчно просто да Ви предложим имот, а чрез индивидуален подход да сме максимално полезни в търсенето на най-доброто решение за Вас. Ние работим с голям кръг от инвеститори, строители и колеги и правим всичко възможно за да покрием с максимално изчерпателна информация и оферти зададените от Вас критерии. Предлагаме различни допълнителни услуги - съдействие за ипотечен кредит при много добри условия за наши клиенти, строителни и ремонтни дейности, обзавеждане, управление на имот при отдаване под наем и др. За повече информация сме на разположения на посочения телефон:0887900445.",9 от 10,Тухла,Да,Асансьор,78 975,https://www.imoti.net/bg/obiava/prodava/plovdiv/trakija/tristaen/5171995/?sid=hRTfWw&page=1
"Двустаен апартамент, 116 м","Пловдив, Христо Смирненски","Оферта 1-1001, Акт 16. Цени на инвеститор. Без комисионно възнаграждение от купувача. Последни апартаменти, ограничен избор на етаж. Предлагаме Ви един нестандартен апартамент в нова луксозна кооперация. Комуникативна и удобна локация с бърз достъп до централен булевард. Квартала е предпочитан за живеене заради добрата инфраструктура, наличие на търговски комплекс и парк 'Отдих и култура' на пешеходно разстояние и други удобства - заведения за хранене и напитки, зеленчуков пазар, аптеки. Разпределение на помещенията: светла дневна с кухненски бокс и излаз на тераса, спалня също с излаз на обща голяма тераса с невероятна гледка,баня с тоалетна и антре. Към апартамента принадледжи избено помещение. Степен на завършване: стени и таван - шпакловка, под - циментова замазка, ВиК до тапа, ел. инсталация до фасунга и ключ, PVC дограма и блиндирана входна врата. Възможност за закупуване на гараж или парко място. Препоръчваме това жилище при избора Ви на нов дом или като подходящ инвестиционен инструмент. Гарантираме, че ще получите необходимото внимание и компетентно съдействие. Ние ще Ви предложим повече отношение и индивидуален подход към нужди Ви. Вашето доверие това е главното, към което се стремим в работата ни с КЛИЕНТА. За нас не е достатъчно просто да Ви предложим имот, а чрез индивидуален подход да сме максимално полезни в търсенето на най-доброто решение за Вас. Ние работим с голям кръг от инвеститори, строители и колеги и правим всичко възможно за да покрием с максимално изчерпателна информация и оферти зададените от Вас критерии. За повече подробности сме на разположение на тел.: 0887900445.",9 от 9,Тухла,Да,Асансьор,76 100,https://www.imoti.net/bg/obiava/prodava/plovdiv/smirnenski/dvustaen/5557693/?sid=hRTfWw&page=1
"Тристаен апартамент, 68 м","Пловдив, Център","оферта 519 7148.Предлагаме ви тристайно панелно жилище на четвърти етаж с асансьор,без подобрения разположено в близост до ул. Ламартин на тихо и спокойно място, с възможност за паркиране, в близост до детска градина. Състои се от две спални едната от които с преход, хол, кухня, баня, тоалетна и перално помещение, разположени отделно, тераса с източно изложение.Агенцията разполага с ключ! За информация и огледи-0877395550",4 от 8,Панел,Да,Асансьор,69 900,https://www.imoti.net/bg/obiava/prodava/plovdiv/plovdiv-centyr/tristaen/5379510/?sid=hRTfWw&page=1
"Тристаен апартамент, 97 м","Пловдив, Христо Смирненски","оф.11213 БЕЗ КОМИСИОННА ! ДИРЕКТНИ ЦЕНИ ОТ ИНВЕСТИТОР !ТОП ЦЕНА ! ТОП ЛОКАЦИЯ ! УТВЪРДЕН СТРОИТЕЛ ! МАЛКА МОДЕРНА СГРАДА !  Предлагаме ВИ да закупите тристаен апартамент в модерна малка сграда , разположена в най- зеления и бързо развиващ се район на град Пловдив - Христо Смирненски . Апартамента се състои от голям хол с кухненски бокс , две спални , коридор  , баня с тоалетна , отделно тоалетна складово помещение в самия апартамент и тераса . Сградата се строи от утвърден на пазара стоител с множество завършени на 100% обекти и доказана репутация . В строителството ще се използват материали от най- висок клас , а обекта ще бъде изпълнен по всички европейски наредби за качество . Предлагаме избор на двустайни , тристайни и мансардни апартаменти . Възможност за РАЗСРОЧЕНО ПЛАЩАНЕ , БАНКОВО КРЕДИТИРАНЕ и закупуване на ПАРКОМЯСТО ИЛИ ГАРАЖ !ОКАЗВАМЕ ПЪЛНО СЪДЕЙСТВИЕ ЗА БАНКОВО КРЕДИТИРАНЕ И ФИНАНСИРАНЕ ОТ ВСИЧКИ  БАНКИ И НАЙ-ВИСОКА ПАЗАРНА ОЦЕНКА . АГЕНЦИЯТА ОКАЗВА  СЪДЕЙСТВИЕ ДО САМОТО ФИНАЛИЗИРАНЕ НА СДЕЛКАТА , КАКТО И НОТАРИУС ! За контакт:  тел. 0883 35 55 03; email: avangardimоti@abv.bg ; www.avangardimoti.com ",3 от 5,Тухла,Да,"Необзаведен,Асансьор,Ново строителство",68 550,https://www.imoti.net/bg/obiava/prodava/plovdiv/smirnenski/tristaen/5474251/?sid=hRTfWw&page=1
"Тристаен апартамент, 96 м","Пловдив, Коматевско Шосе","Оферта 1-2700,  Без комисионно възнаграждение от купувача. Акт 16. Предлагаме Ви последния апартамент в малка кооперация. Изложение-Юг/запад. Жилище с комуникативна и удобна локация и бърз достъп до централен булевард. Спокойно място в близост до булевард Южен и Коматевско шосе. Ново-изградена инфраструктура. Просторно и удобно жилище. Възможност да си осигурите комфорта, за който мечтаете. Разпределение на помещенията: светла и просторна дневна с кухненски бокс, две спални, тераса, антре, баня с тоалетна, тоалетна и склад.  Сградата се изгражда от доказан строител. Съвременна архитектура, използвана е червена тухла, поставена: хидро и топло изолация. Степен на завършване: стени - шпакловка, под- замазка, ВиК до тапа, ел. инсталация до ключ, вътрешни интериорни врати, блиндирана входна врата, PVC дограма, цялостно окабеляване за интернет и телевизия, завършени общи части - вътрешни и външни парапети, контролиран достъп и електрически безшумен асансьор. Възможност за закупуване на парко- места. Препоръчваме това жилище при избора Ви на нов дом или като подходящ инвестиционен инструмент. Гарантираме, че ще получите необходимото внимание и компетентно съдействие. Ние ще Ви предложим повече отношение и индивидуален подход към нужди Ви. За нас не е достатъчно просто да Ви предложим имот, а чрез индивидуален подход да сме максимално полезни в търсенето на най-доброто решение за Вас. Ние работим с голям кръг от инвеститори, строители и колеги и правим всичко възможно за да покрием с максимално изчерпателна информация и оферти зададените от Вас критерии.",1 от 3,Тухла,Да,Асансьор,72 000,https://www.imoti.net/bg/obiava/prodava/plovdiv/komatevsko-shose/tristaen/3563371/?sid=hRTfWw&page=1
"Тристаен апартамент, 95 м","Пловдив, Христо Смирненски","оф.11481 ТОП ЦЕНА ! ТОП ЛОКАЦИЯ ! УТВЪРДЕН СТРОИТЕЛ ! МАЛКА МОДЕРНА СГРАДА ! 710€кв/м.Предлагаме ВИ да закупите тристаен апартамент в модерна малка сграда , разположена в най- зеления и бързо развиващ се район на град Пловдив - Христо Смирненски . Апартамента се състои от голям хол с кухненски бокс , две спални , коридор  , баня с тоалетна , отделно тоалетна складово помещение в самия апартамент и тераса . Сградата се строи от утвърден на пазара стоител с множество завършени на 100% обекти и доказана репутация . В строителството ще се използват материали от най- висок клас , а обекта ще бъде изпълнен по всички европейски наредби за качество . Предлагаме избор на двустайни , тристайни и мансардни апартаменти . Възможност за РАЗСРОЧЕНО ПЛАЩАНЕ , БАНКОВО КРЕДИТИРАНЕ и закупуване на ПАРКОМЯСТО ИЛИ ГАРАЖ ! ОКАЗВАМЕ ПЪЛНО СЪДЕЙСТВИЕ ЗА БАНКОВО КРЕДИТИРАНЕ И ФИНАНСИРАНЕ ОТ ВСИЧКИ  БАНКИ И НАЙ-ВИСОКА ПАЗАРНА ОЦЕНКА . АГЕНЦИЯТА ОКАЗВА  СЪДЕЙСТВИЕ ДО САМОТО ФИНАЛИЗИРАНЕ НА СДЕЛКАТА , КАКТО И НОТАРИУС ! За контакт:  тел. 0883 35 55 03; email: avangardimоti@abv.bg ; www.avangardimoti.com ",2 от 5,Тухла,2022,Необзаведен,66 999,https://www.imoti.net/bg/obiava/prodava/plovdiv/smirnenski/tristaen/5544948/?sid=hRTfWw&page=1
"Тристаен апартамент, 97 м","Пловдив, Христо Смирненски","Оферта 1-4222, Без комисионно възнаграждение от купувача. Цени на инвеститор. Избор на етаж, изложение и големина на 2-стайни и 3-стайни апартаменти. Предлагаме Ви чудесен апартамент в новострояща се сграда. На тиха улица  с бърз достъп до главни пътни артерии. На близко разстояние от търговската зона на квартала и зеленчуков пазар, училище и детска градина. Разпределение на помещенията: дневна с  кухненски бокс, две спални,  баня с тоалетна, втора тоалетна,  тераси, входно антре.  Степен на завършване: стени и таван - шпакловка, под - циментова замазка, ВиК до тапа, ел. инсталация до фасунга и ключ, PVC дограма, завършени тераси с гранитогрес и  парапет. Луксозно завършени общи части - вътрешни и външни парапети, блиндирана входна, контролиран достъп и електрически безшумен асансьор. Възможност за закупуване на парко-места или гаражи. Препоръчваме това жилище при избора Ви на нов дом или възможност за инвестиция. Гарантираме, че ще получите необходимото внимание и компетентно съдействие. За нас не е достатъчно просто да Ви предложим имот, а чрез индивидуален подход да сме максимално полезни в търсенето на най-доброто решение за Вас. Ние работим с голям кръг от инвеститори, строители и колеги и правим всичко възможно за да покрием с максимално изчерпателна информация и оферти зададените от Вас критерии. Предлагаме различни допълнителни услуги - съдействие за ипотечен кредит при много добри условия за наши клиенти, строителни и ремонтни дейности, обзавеждане, управление на имот при отдаване под наем и др. За повече информация сме на разположения на посочения телефон:0887900445 Виж по-малко... Виж повечеВиж всички обяви на агенцията в previlex.bazar.bg или тук.",4 от 5,Тухла,Да,Асансьор,68 870,https://www.imoti.net/bg/obiava/prodava/plovdiv/smirnenski/tristaen/5487438/?sid=hRTfWw&page=1
"Тристаен апартамент, 84 м","Пловдив, Кършияка","Оферта 1-3660, Цени на инвеститора. Без комисионно възнаграждение от купувача. Предлагаме Ви апартаменти в новострояща се луксозна кооперация. Комуникативна и удобна локация с бърз достъп до централен булевард. В близост училище, детска градина и магазини. Квартала е предпочитан за живеене заради добрата инфраструктура, търговски комплекс на пешеходно разстояние и други удобства - заведения за хранене и напитки, зеленчуков пазар, аптеки. Разпределение на помещенията на посочения апартамент: дневна с кухненски бокс, две спални, две тераси,  баня с тоалетна, антре и принадлежащо избено помещение. Степен на завършване: стени и таван - шпакловка, под - циментова замазка, ВиК до тапа, ел. инсталация до фасунга и ключ, PVC дограма и блиндирана входна врата. Възможност за закупуване на гараж или парк- място. Препоръчваме това жилище при избора Ви на нов дом или като подходящ инвестиционен инструмент. Гарантираме, че ще получите необходимото внимание и компетентно съдействие. Ние ще Ви предложим професионално отношение и индивидуален подход към нужди Ви. Вашето доверие това е главното, към което се стремим в работата ни с КЛИЕНТА. За нас не е достатъчно просто да Ви предложим имот, а чрез индивидуален подход да сме максимално полезни в търсенето на най-доброто решение за Вас. Ние работим с голям кръг от инвеститори, строители и колеги и правим всичко възможно за да покрием с максимално изчерпателна информация и оферти зададените от Вас критерии. За повече подробности сме на разположение на тел.: 0887900445",2 от 6,Тухла,Да,Асансьор,66 900,https://www.imoti.net/bg/obiava/prodava/plovdiv/kyrshijaka/tristaen/5300462/?sid=hRTfWw&page=1
"Тристаен апартамент, 66 м","Пловдив, Кършияка","оф.10585  ПРОМОЦИОНАЛНА ЦЕНА ! ИЗГОДНО НА ТОП ЛОКАЦИЯ ! АВАНГАРД ИМОТИ ВИ ПРЕДСТАВЯ  АПАРТАМЕНТ С РЕАЛНА КВАДРАТУРА И ТРИ ОТДЕЛНИ СТАИ !! Жилището, което Ви предлагаме да закупите се състои от просторен хол, голяма спалня, отделна кухня, баня с тоалетна, тераса и избено помещение !! Разпределението на имота позволява лесно преустройство на втора спалня .Апартамента е с изложение изток - запад  , сменена PVC дограма !! Продава се НАПЪЛНО ОБЗАВЕДЕН, което ви дава възможност за нанасяне веднага ! Жилището се намира на комуникативно място в близост до всичко необходим , което го прави чудесен избор, както за Вас и вашето семейство , така и за инвестиция с цел отдаване под наем !! ДОВЕРЕТЕ СЕ НА АВАНГАРД ИМОТИ ПРОФЕСИОНАЛИСТИТЕ В ИЗБОРА ВИ НА ЖИЛИЩЕ !ОКАЗВАМЕ ПЪЛНО СЪДЕЙСТВИЕ ЗА БАНКОВО КРЕДИТИРАНЕ И ФИНАНСИРАНЕ ОТ ВСИЧКИ  БАНКИ И НАЙ-ВИСОКА ПАЗАРНА ОЦЕНКА . АГЕНЦИЯТА ОКАЗВА  СЪДЕЙСТВИЕ ДО САМОТО ФИНАЛИЗИРАНЕ НА СДЕЛКАТА , КАКТО И ДОВЕРЕН НОТАРИУС ! За контакт:  тел. 0883 35 55 03; email: avangardimоti@abv.bg ; www.avangardimoti.com",1 от 4,Панел,Да,,64 999,https://www.imoti.net/bg/obiava/prodava/plovdiv/kyrshijaka/tristaen/5320619/?sid=hRTfWw&page=1
"Тристаен апартамент, 104 м","Пловдив, Кючук Париж",Без комисионна от купувача!,8 от 9,Тухла,2022,"Необзаведен,Асансьор,Ново строителство",63 281,https://www.imoti.net/bg/obiava/prodava--v-stroej/plovdiv/kichuk-parij/tristaen/4835405/?sid=hRTfWw&page=1
"Тристаен апартамент, 64 м","Пловдив, Кючук Париж","оферта 741. РЕАЛНА КВАДРАТУРА!!! БЕЗПРОБЛЕМНО ПАРКИРАНЕ!!! За нас е удоволствие да Ви предложим  Апартамент с Три отделни стаи. Имота който ви предлагаме да закупите се състои от ПРОСТОРЕН и СЛЪНЧЕВ хол, ОБШИРНА спалня, кухня ОТДЕЛНО, баня, тоалетна отделно, две тераси, входно антре с коридор и избено помещение. Жилището е с ЕСТЕСТВЕН паркет навсякъде и с изцяло сменена дограма. Продава се обзаведено, което ви позволява да се нанесете веднага във вашия НОВ ДОМ. Локацията предлага ВСИЧКО необходимо в близост, както и БЕЗПРОБЛЕМНО паркиране! За повече информация или оглед се обадете на посочения телефон!",4 от 4,Панел,Да,,61 900,https://www.imoti.net/bg/obiava/prodava/plovdiv/kichuk-parij/tristaen/5557701/?sid=hRTfWw&page=1
"Тристаен апартамент, 103 м","Пловдив, Въстанически",Оф. 356Ж,4 от 8,Тухла,2022,"Необзаведен,Асансьор,Ново строителство,Лукс",58 704,https://www.imoti.net/bg/obiava/prodava--v-stroej/plovdiv/vystanicheski/tristaen/5550801/?sid=hRTfWw&page=1
"Двустаен апартамент, 91 м","Пловдив, Тракия","оф.11555 АКТ16!! АВАНГАРД ИМОТИ ВИ ПРЕДСТАВЯ ДВУСТАЕН АПАРТАМЕНТ В НОВ КОМПЛЕКС С АКТ16 !! Жилището, което Ви предлагаме да закупите се състои от просторен хол с кухненски бокс, голяма спалня , баня с тоалетна , входно антре и голяма тераса !! Към имота получавате  прилежащо избено помещение !! С локацията си в един от най-предпочитаните и комуникативни  райони за живеене, жилището е отличен избор за вашият нов дом и страхотна инвестиция с цел отдаване под наем.Към апартамента може да се закупи и подземно паркомясто !!! 'АВАНГАРД ИМОТИ' ви предлага ВИСОКА СИГУРНОСТ при покупката на имот, и пълно съдействие с най-добри условия на банково финансиране, работим с всички банки в страната.Доверете се на 'АВАНГАРД ИМОТИ' ПРОФЕСИОНАЛИСТИ В ИЗБОРА НА ЖИЛИЩЕ!!! ОКАЗВАМЕ ПЪЛНО СЪДЕЙСТВИЕ ЗА БАНКОВО КРЕДИТИРАНЕ ОТ ВСИЧКИ ВОДЕЩИ БАНКИ. За контакт: 0883 35 55 16; email: avangardimоti@abv.bg ; www.avangardimoti.com",1 от 10,Тухла,Да,"Необзаведен,Асансьор,Ново строителство",58 240,https://www.imoti.net/bg/obiava/prodava/plovdiv/trakija/dvustaen/5550704/?sid=hRTfWw&page=1
"Двустаен апартамент, 69 м","Пловдив, Христо Смирненски","Оферта 1-1001, С акт 16. Цени на инвеститор. Без комисионно възнаграждение от купувача. Последни апартаменти и ограничен избор на етаж. Предлагаме Ви апартаменти в нова луксозна кооперация. Комуникативна и удобна локация с бърз достъп до централен булевард. Квартала е предпочитан за живеене заради добрата инфраструктура, наличие на търговски комплекс и парк 'Отдих и култура' на пешеходно разстояние и други удобства - заведения за хранене и напитки, зеленчуков пазар, аптеки. Разпределение на помещенията: дневна с кухненски бокс, преходна спалня, просторна тераса,баня с тоалетна и  антре. Към апартамента принадлежи избено помещение. Степен на завършване: стени и таван - шпакловка, под - циментова замазка, ВиК до тапа, ел. инсталация до фасунга и ключ, PVC дограма и блиндирана входна врата. Възможност за закупуване на гараж или парко място. Препоръчваме това жилище при избора Ви на нов дом или като подходящ инвестиционен инструмент. Гарантираме, че ще получите необходимото внимание и компетентно съдействие. Ние ще Ви предложим повече отношение и индивидуален подход към нужди Ви. Вашето доверие това е главното, към което се стремим в работата ни с КЛИЕНТА. За нас не е достатъчно просто да Ви предложим имот, а чрез индивидуален подход да сме максимално полезни в търсенето на най-доброто решение за Вас. Ние работим с голям кръг от инвеститори, строители и колеги и правим всичко възможно за да покрием с максимално изчерпателна информация и оферти зададените от Вас критерии. За повече подробности сме на разположение на тел.: 0887900445.",8 от 9,Тухла,Да,Асансьор,58 200,https://www.imoti.net/bg/obiava/prodava/plovdiv/smirnenski/dvustaen/5557133/?sid=hRTfWw&page=1
"Тристаен апартамент, 69 м","Пловдив, Тракия","тристаен апартамент с две спални,хол,кухня,в тракия-до йегерхоф.сменена дограма,нов покрив на блока",8 от 9,Панел,1980,"Обзаведен,Асансьор,Разрешено за дом. любимец,Паркомясто",56 900,https://www.imoti.net/bg/obiava/prodava/plovdiv/trakija/tristaen/5557981/?sid=hRTfWw&page=1
"Двустаен апартамент, 66 м","Пловдив, Кючук Париж","оф.11303 АКТ 16 от 2021г. Предлагаме ВИ да закупите отличен двустаен апартамент , разположен в тих и спокоен за живеене район . Състои се от хол с кухненски бокс , спалня , коридор , баня с тоалетна , килер и тераса . Жилището се продава на степен на завършеност шпакловка и замазка , което ВИ дава отличната възможност да го завършите и обзаведете по Ваш собствен вкус . Намира се в предпочитан за живеене район в близост до всичко необходимо , а пред блока има удобен безлатен паркинг ! ОКАЗВАМЕ ПЪЛНО СЪДЕЙСТВИЕ ЗА БАНКОВО КРЕДИТИРАНЕ И ФИНАНСИРАНЕ ОТ ВСИЧКИ  БАНКИ И НАЙ-ВИСОКА ПАЗАРНА ОЦЕНКА . АГЕНЦИЯТА ОКАЗВА  СЪДЕЙСТВИЕ ДО САМОТО ФИНАЛИЗИРАНЕ НА СДЕЛКАТА , КАКТО И НОТАРИУС ! За контакт:  тел. 0883 35 55 03; email: avangardimоti@abv.bg ; www.avangardimoti.com ",4 от 9,Тухла,2021,"Необзаведен,Асансьор,Ново строителство",54 999,https://www.imoti.net/bg/obiava/prodava/plovdiv/kichuk-parij/dvustaen/5505391/?sid=hRTfWw&page=1
"Двустаен апартамент, 66 м","Пловдив, Кършияка","Оферта 1-3660, Цени на инвеститора. Без комисионно възнаграждение от купувача. Предлагаме Ви апартаменти в новострояща се луксозна кооперация. Комуникативна и удобна локация с бърз достъп до централен булевард. В близост училище, детска градина и магазини. Квартала е предпочитан за живеене заради добрата инфраструктура, търговски комплекс на пешеходно разстояние и други удобства - заведения за хранене и напитки, зеленчуков пазар, аптеки. Разпределение на помещенията на посочения апартамент: дневна с кухненски бокс, спалня, обща тераса,баня с тоалетна, антре и принадлежащо избено помещение. Изложение: запад. Степен на завършване: стени и таван - шпакловка, под - циментова замазка, ВиК до тапа, ел. инсталация до фасунга и ключ, PVC дограма и блиндирана входна врата. Възможност за закупуване на гараж или парк- място. Препоръчваме това жилище при избора Ви на нов дом или като подходящ инвестиционен инструмент. Гарантираме, че ще получите необходимото внимание и компетентно съдействие. Ние ще Ви предложим професионално отношение и индивидуален подход към нужди Ви. Вашето доверие това е главното, към което се стремим в работата ни с КЛИЕНТА. За нас не е достатъчно просто да Ви предложим имот, а чрез индивидуален подход да сме максимално полезни в търсенето на най-доброто решение за Вас. Ние работим с голям кръг от инвеститори, строители и колеги и правим всичко възможно за да покрием с максимално изчерпателна информация и оферти зададените от Вас критерии. За повече подробности сме на разположение на тел.: 0887900445.",5 от 6,Тухла,Да,Асансьор,53 900,https://www.imoti.net/bg/obiava/prodava/plovdiv/kyrshijaka/dvustaen/4792727/?sid=hRTfWw&page=1
"Двустаен апартамент, 66 м","Пловдив, Център","Оферта 1-2710 Д, Без комисионно възнаграждение от купувача. Цени на инвеститор. Избор на етаж, изложение и големина на 2-стайни и 3-стайни апартаменти. Предлагаме Ви чудесен апартамент в новостроящ се луксозен комплекс на пешеходно разстояние от центъра на града. Район с добър градски транспорт и удобства-заведения, дет.градина, аптеки и др. Разпределение на помещенията: дневна с кухненски бокс, спалня, баня с тоалетна, тераса и антре. Изложение Юг. Към апартамента принадлежи изба. Възможност за закупуване на гараж или паркомясто. Степен на завършване: стени и таван - шпакловка, под - циментова замазка, ВиК до тапа, ел. инсталация до фасунга и ключ, дограма с троен стъклопакет, завършени тераси с гранитогрес, инсталации за видео-домофон, интернет, телевизия и телефон. Луксозно завършени общи части - вътрешни и външни парапети, блиндирана входна, контролиран достъп и електрически безшумен асансьор. Търговска зона в самия комплекс. Препоръчваме това жилище при избора Ви на нов дом или възможност за инвестиция. Гарантираме, че ще получите необходимото внимание и компетентно съдействие. За нас не е достатъчно просто да Ви предложим имот, а чрез индивидуален подход да сме максимално полезни в търсенето на най-доброто решение за Вас. Ние работим с голям кръг от инвеститори, строители и колеги и правим всичко възможно за да покрием с максимално изчерпателна информация и оферти зададените от Вас критерии. Предлагаме различни допълнителни услуги - съдействие за ипотечен кредит при много добри условия за наши клиенти, обзавеждане, управление на имот при отдаване под наем и др. За повече информация сме на разположения на посочения телефон:0887900445",3 от 10,Тухла,Да,,53 521,https://www.imoti.net/bg/obiava/prodava/plovdiv/plovdiv-centyr/dvustaen/5167782/?sid=hRTfWw&page=1
"Едностаен апартамент, 50 м","Пловдив, Център","Оферта 1-3678.Без комисиона от купувача! Предлагаме Ви апартамент в новострояща се кооперация пред акт 14. Централна локация с бърз достъп до основни пътни артерии. На пешеходно разстояние от центъра на града и други удобства на градския начин на живот - заведения за хранене и напитки, зеленчуков пазар, аптеки и др. Разпределение на помещенията: светла дневна с обособен кухненски бокс и излаз на тераса,  баня с тоалетна.",5 от 7,Тухла,Да,,50 000,https://www.imoti.net/bg/obiava/prodava/plovdiv/plovdiv-centyr/ednostaen/4734257/?sid=hRTfWw&page=1
"Тристаен апартамент, 75 м","Пловдив, Каменица 1","Оферта 1-4095,  Предлагаме Ви компактен апартамент с много добра локация в монолитна сграда старо строителство, без асансьор. Намира се на комуникативно място с бърз достъп на главни булеварди. На близко разстояние от търговска зона, училище и детска градина, заведения за хранене и напитки. Жилището се състои от три помещения: кухня, две самостоятелни стаи, баня с тоялетна и антре. Изложения: изток. Към апартамента принадлежи голямо таванско помещение 8,58 кв.м., избено помещение 2 кв.м. чистата площ на жилището е 57 кв.м. Жилището има нужда от ремонт. Възможност за свободно паркиране в района на сградата.  Чисти и поддържани общи части във входа. Жилището се продава изчистено от мебели- в готовност за ремонт. За повече подробности или оглед ни се обадете на посочения телефон. Гарантираме, че ще получите необходимото внимание и компетентно съдействие. За нас не е достатъчно просто да Ви предложим имот, а чрез индивидуален подход да сме максимално полезни в търсенето на най-доброто решение за Вас. Ние работим с голям кръг от инвеститори, строители и колеги и правим всичко възможно за да покрием с максимално изчерпателна информация и оферти зададените от Вас критерии. Предлагаме различни допълнителни услуги - съдействие за ипотечен кредит при много добри условия за наши клиенти, строителни и ремонтни дейности, обзавеждане, управление на имот при отдаване под наем. За повече подробности и огледи сме на линия на тел. 0887900445.",5 от 5,Тухла,Да,,49 500,https://www.imoti.net/bg/obiava/prodava/plovdiv/kamenica-1/tristaen/5541052/?sid=hRTfWw&page=1
"Двустаен апартамент, 68 м","Пловдив, Тракия","Оферта 1-2045, Акт 14. Цени на инвеститор. Избор на етаж и изложение. Без комисионно възнаграждение от купувача. Предлагаме Ви чудесен апартамент в новострояща се сграда. Намира се в обособена модерна зона за живеене на комуникативно място с бърз достъп до главна улица. На близко разстояние от търговската зона на квартала и зеленчуков пазар, училище и детска градина. Разпределение на помещенията: дневна с трапезария и кухненски бокс, спалня, баня с тоалетна, тераса и антре. Към апартамента принадлежи избено помещение. Степен на завършване: стени и таван - шпакловка, под - циментова замазка, ВиК до тапа, ел. инсталация до фасунга и ключ, PVC дограма, завършени тераси с гранитогрес и алуминиев парапет, инсталации за видео-домофон, интернет, телевизия и телефон. Луксозно завършени общи части - вътрешни и външни парапети, блиндирана входна, контролиран достъп и електрически безшумен асансьор. Възможност за закупуване на парко-места или гаражи. Към апартамента принадлежи: избено помещение. Препоръчваме това жилище при избора Ви на нов дом. Гарантираме, че ще получите необходимото внимание и компетентно съдействие. За нас не е достатъчно просто да Ви предложим имот, а чрез индивидуален подход да сме максимално полезни в търсенето на най-доброто решение за Вас. Ние работим с голям кръг от инвеститори, строители и колеги и правим всичко възможно за да покрием с максимално изчерпателна информация и оферти зададените от Вас критерии. Предлагаме различни допълнителни услуги - съдействие за ипотечен кредит при много добри условия за наши клиенти, строителни и ремонтни дейности, обзавеждане, управление на имот при отдаване под наем и др. За повече информация сме на разположения на посочения телефон:0887900445.",9 от 10,Тухла,Да,Асансьор,49 399,https://www.imoti.net/bg/obiava/prodava/plovdiv/trakija/dvustaen/3572857/?sid=hRTfWw&page=1
"Двустаен апартамент, 40 м","Пловдив, Кършияка","оф.11312 ТОП ОФЕРТА! ИЗТОЧНО ИЗЛОЖЕНИЕ! СЛЕД РЕМОНТ! Имотът, който Ви предлагаме да закупите се състои от голям хол, отделна кухня с трапезария, бяна с тоалетна, входно антре и тераса. Апартаментът е в перфектно състояние, след ремонт и се продава напълно обзаведен, което Ви дава възможност да се нанесете веднага. Намира се в близост до училища, детски градини, хренителни магазини паркове за отдих и всичко необходимо за живеене.  Пред блока има ГОЛЯМ БЕЗПЛАТЕН ПАРКИНГ! Чуден избор, както за живеене, така и перфектна инвестиция с цел отдаване под наем.ОКАЗВАМЕ ПЪЛНО СЪДЕЙСТВИЕ ЗА БАНКОВО КРЕДИТИРАНЕ И ФИНАНСИРАНЕ ОТ ВСИЧКИ  БАНКИ И НАЙ-ВИСОКА ПАЗАРНА ОЦЕНКА . АГЕНЦИЯТА ОКАЗВА  СЪДЕЙСТВИЕ ДО САМОТО ФИНАЛИЗИРАНЕ НА СДЕЛКАТА , КАКТО И НОТАРИУС ! За контакт:  тел. 0883 35 55 96; email: avangardimоti@abv.bg ; www.avangardimoti.com ",1 от 4,Тухла,Да,Обзаведен,47 999,https://www.imoti.net/bg/obiava/prodava/plovdiv/kyrshijaka/dvustaen/5508567/?sid=hRTfWw&page=1
"Двустаен апартамент, 65 м","Пловдив, Христо Смирненски","Оферта 1-4222, Без комисионно възнаграждение от купувача. Цени на инвеститор. Избор на етаж, изложение и големина на 2-стайни и 3-стайни апартаменти. Предлагаме Ви чудесен апартамент в новострояща се сграда. На тиха улица с бърз достъп до главни пътни артерии. На близко разстояние от търговската зона на квартала и зеленчуков пазар, училище и детска градина. Разпределение на помещенията: дневна с кухненски бокс, спалня, баня с тоалетна, тераса,склад и входно антре. Степен на завършване: стени и таван - шпакловка, под - циментова замазка, ВиК до тапа, ел. инсталация до фасунга и ключ, PVC дограма, завършени тераси с гранитогрес и парапет. Луксозно завършени общи части - вътрешни и външни парапети, блиндирана входна, контролиран достъп и електрически безшумен асансьор. Възможност за закупуване на парко-места или гаражи. Препоръчваме това жилище при избора Ви на нов дом или възможност за инвестиция. Гарантираме, че ще получите необходимото внимание и компетентно съдействие. За нас не е достатъчно просто да Ви предложим имот, а чрез индивидуален подход да сме максимално полезни в търсенето на най-доброто решение за Вас. Ние работим с голям кръг от инвеститори, строители и колеги и правим всичко възможно за да покрием с максимално изчерпателна информация и оферти зададените от Вас критерии. Предлагаме различни допълнителни услуги - съдействие за ипотечен кредит при много добри условия за наши клиенти, строителни и ремонтни дейности, обзавеждане, управление на имот при отдаване под наем и др. За повече информация сме на разположения на посочения телефон:0887900445",3 от 6,Тухла,Да,,46 150,https://www.imoti.net/bg/obiava/prodava/plovdiv/smirnenski/dvustaen/5487441/?sid=hRTfWw&page=1
"Двустаен апартамент, 65 м","Пловдив, Христо Смирненски","оф.11479 ТОП ЦЕНА ! ТОП ЛОКАЦИЯ ! УТВЪРДЕН СТРОИТЕЛ ! МАЛКА МОДЕРНА СГРАДА ! Предлагаме ВИ да закупите двустаен апартамент в модерна малка сграда , разположена в най- зеления и бързо развиващ се район на град Пловдив - Христо Смирненски . Апартамента се състои от хол с кухненски бокс , спалня , коридор  , баня с тоалетна , складово помещение в самия апартамент и тераса . Сградата се строи от утвърден на пазара стоител с множество завършени на 100% обекти и доказана репутация . В строителството ще се използват материали от най- висок клас , а обекта ще бъде изпълнен по всички европейски наредби за качество . Предлагаме избор на двустайни , тристайни и мансардни апартаменти . Възможност за РАЗСРОЧЕНО ПЛАЩАНЕ , БАНКОВО КРЕДИТИРАНЕ и закупуване на ПАРКОМЯСТО ИЛИ ГАРАЖ ! ОКАЗВАМЕ ПЪЛНО СЪДЕЙСТВИЕ ЗА БАНКОВО КРЕДИТИРАНЕ ОТ ВСИЧКИ ВОДЕЩИ БАНКИ. За контакт: тел. 0883 35 55 03; email: avangardimоti@abv.bg ; www.avangardimoti.com",2 от 5,Тухла,2022,"Необзаведен,Асансьор,Ново строителство",45 899,https://www.imoti.net/bg/obiava/prodava/plovdiv/smirnenski/dvustaen/5544878/?sid=hRTfWw&page=1
"Двустаен апартамент, 53 м","Пловдив, Каменица 2","Оферта 1-4200.  Цена на инвеститор. Избор на етаж и изложение. Предлагаме апартаменти в новострояща се луксозна сграда. Малка сграда с по четири апартамента на етаж. Удобно и комуникативно място, за хора предпочитащи комфорта на градския живот. Бърз достъп до главен булевард и обществен транспорт. В близост до училище, детска градина и магазин. Квартала е с много добра инфраструктура, наличие на търговски комплекс и други удобства - заведения за хранене и напитки, аптеки. Разпределение на помещенията в апартамента:  дневна с  кухненски кът,  спалня, антре, тераса, баня с тоалетна. Към апартамента се закупува отделно изба по избор.Степен на завършване: стени и таван - шпакловка, под - циментова замазка, ВиК до тапа, ел. инсталация до фасунга и ключ, PVC дограма и блиндирана входна врата. Възможност за закупуване гараж. Реномиран строител с дългогодишна утвърдена репутация. Препоръчваме това жилище при избора Ви на нов дом или като подходящ инвестиционен инструмент. Гарантираме, че ще получите необходимото внимание и компетентно съдействие. За нас не е достатъчно просто да Ви предложим имот, а чрез индивидуален подход да сме максимално полезни в търсенето на най-доброто решение за Вас. За повече информация тел.: 0887900445, ",3 от 6,Тухла,Да,,45 150,https://www.imoti.net/bg/obiava/prodava/plovdiv/kamenica-2/dvustaen/5526222/?sid=hRTfWw&page=1
"Двустаен апартамент, 60 м","Пловдив, Христо Смирненски","Оферта 1-4222-2, Без комисионно възнаграждение от купувача. Цени на инвеститор. Избор на етаж, изложение и големина на 2-стайни и 3-стайни апартаменти. Предлагаме Ви чудесен апартамент в новострояща се сграда. На тиха улица  с бърз достъп до главни пътни артерии. На близко разстояние от търговската зона на квартала и зеленчуков пазар, училище и детска градина. Разпределение на помещенията: дневна с  кухненски бокс,  спалня,  баня с тоалетна,   тераса,склад и  входно антре.  Степен на завършване: стени и таван - шпакловка, под - циментова замазка, ВиК до тапа, ел. инсталация до фасунга и ключ, PVC дограма, завършени тераси с гранитогрес и  парапет. Луксозно завършени общи части - вътрешни и външни парапети, блиндирана входна, контролиран достъп и електрически безшумен асансьор. Възможност за закупуване на парко-места или гаражи. Препоръчваме това жилище при избора Ви на нов дом или възможност за инвестиция. Гарантираме, че ще получите необходимото внимание и компетентно съдействие. За нас не е достатъчно просто да Ви предложим имот, а чрез индивидуален подход да сме максимално полезни в търсенето на най-доброто решение за Вас. Ние работим с голям кръг от инвеститори, строители и колеги и правим всичко възможно за да покрием с максимално изчерпателна информация и оферти зададените от Вас критерии. Предлагаме различни допълнителни услуги - съдействие за ипотечен кредит при много добри условия за наши клиенти, строителни и ремонтни дейности, обзавеждане, управление на имот при отдаване под наем и др. За повече информация сме на разположения на посочения телефон:0887900445",4 от 6,Тухла,Да,Асансьор,42 600,https://www.imoti.net/bg/obiava/prodava/plovdiv/smirnenski/dvustaen/5487436/?sid=hRTfWw&page=1
"Двустаен апартамент, 60 м","Пловдив, Христо Смирненски","оф.11212 БЕЗ КОМИСИОННА ! ДИРЕКТНИ ЦЕНИ ОТ ИНВЕСТИТОР !ТОП ЦЕНА ! ТОП ЛОКАЦИЯ ! УТВЪРДЕН СТРОИТЕЛ ! МАЛКА МОДЕРНА СГРАДА !  Предлагаме ВИ да закупите двустаен апартамент в модерна малка сграда , разположена в най- зеления и бързо развиващ се район на град Пловдив - Христо Смирненски . Апартамента се състои от хол с кухненски бокс , спалня , коридор  , баня с тоалетна , складово помещение в самия апартамент и тераса . Сградата се строи от утвърден на пазара стоител с множество завършени на 100% обекти и доказана репутация . В строителството ще се използват материали от най- висок клас , а обекта ще бъде изпълнен по всички европейски наредби за качество . Предлагаме избор на двустайни , тристайни и мансардни апартаменти . Възможност за РАЗСРОЧЕНО ПЛАЩАНЕ , БАНКОВО КРЕДИТИРАНЕ и закупуване на ПАРКОМЯСТО ИЛИ ГАРАЖ !ОКАЗВАМЕ ПЪЛНО СЪДЕЙСТВИЕ ЗА БАНКОВО КРЕДИТИРАНЕ И ФИНАНСИРАНЕ ОТ ВСИЧКИ  БАНКИ И НАЙ-ВИСОКА ПАЗАРНА ОЦЕНКА . АГЕНЦИЯТА ОКАЗВА  СЪДЕЙСТВИЕ ДО САМОТО ФИНАЛИЗИРАНЕ НА СДЕЛКАТА , КАКТО И НОТАРИУС ! За контакт:  тел. 0883 35 55 03; email: avangardimоti@abv.bg ; www.avangardimoti.com ",2 от 6,Тухла,Да,"Необзаведен,Асансьор,Ново строителство",42 174,https://www.imoti.net/bg/obiava/prodava/plovdiv/smirnenski/dvustaen/5474248/?sid=hRTfWw&page=1
"Двустаен апартамент, 75 м","Пловдив, Южен","За повече информация свържете се с нас и цитирайте референтния номер на имота. Моля, кажете, че сте видeли обявата в imoti.net.",6,Тухла,11.-1,,42 000,https://www.imoti.net/bg/obiava/prodava--v-stroej/plovdiv/ujen/dvustaen/4179017/?sid=hRTfWw&page=1
"Двустаен апартамент, 59 м","Пловдив, Кючук Париж",Оф. 457А,7 от 11,Тухла,2022,"Необзаведен,Асансьор,Ново строителство,Лукс",40 523,https://www.imoti.net/bg/obiava/prodava--v-stroej/plovdiv/kichuk-parij/dvustaen/5437356/?sid=hRTfWw&page=1
